{"cameraMode":{"drawMode":0,"name":"Shaded","section":"Shading Mode"},"sceneLighting":false,"audioPlay":false,"sceneViewState":{"m_AlwaysRefresh":false,"showFog":true,"showSkybox":false,"showFlares":true,"showImageEffects":true,"showParticleSystems":true,"showVisualEffectGraphs":true,"m_FxEnabled":true},"in2DMode":false,"pivot":{"x":0.05269050598144531,"y":-0.01407921314239502,"z":0.22850146889686585},"rotation":{"x":0.05033617094159126,"y":0.6488825678825378,"z":-0.043090611696243289,"w":0.7579994201660156},"size":2.3677890300750734,"orthographic":false}