{"cameraMode":{"drawMode":0,"name":"Shaded","section":"Shading Mode"},"sceneLighting":true,"audioPlay":false,"sceneViewState":{"m_AlwaysRefresh":false,"showFog":true,"showSkybox":true,"showFlares":true,"showImageEffects":true,"showParticleSystems":true,"showVisualEffectGraphs":true,"m_FxEnabled":true},"in2DMode":false,"pivot":{"x":11.70828628540039,"y":4.6719512939453129,"z":-1.6461999416351319},"rotation":{"x":-0.02514234371483326,"y":-0.22537611424922944,"z":0.005816977005451918,"w":-0.9739387035369873},"size":12.12435531616211,"orthographic":false}